Workbook

Sheet Instructions
A1: Perform the following in the dataset from the 'Dataset' sheet.
B3: 1) Sum, Count, Average:
C4: • What is the total price of all products in the dataset?
C5: • How many products are there in the dataset?
C6: • Calculate the average price of the products.
B8: 2) Min and Max:
C9: • Determine the minimum price among all products.
C10: • Find the maximum price among all products. | K10: A
B12: 3) IF Function:
C13: • Using an IF function, create a new column named Price Range to categorize products with a price greater than or equal to $500 as 'High Price' and others as 'Standard Price'.
B15: 4) SUMIF and COUNTIF:
C16: • Calculate the total price for products in the 'Electronics' category using the SUMIF function.
C17: • Determine the count of products with a price less than $100 using the COUNTIF function.
B19: 5) Text Formatting - LEFT, RIGHT, MID:
C20: • Create a new column named Day with the first 2 characters of each 'Product ID' using the LEFT function.
C21: • Create a new column named Country Code by extracting the last 2 characters from the 'Product ID' column using the RIGHT function.
C22: • Create a new column named Month by extracting 4th to 6th characters from the 'Product ID' column using the MID function.

Sheet Dataset
A1: Product ID | B1: Product Name | C1: Brand Name | D1: Price ($) | E1: Quantity | F1: Category
A2: 28-JAN-US | B2: Laptop | C2: Dell | D2: 1000 | E2: 30 | F2: Electronics
A3: 15-FEB-US | B3: Sneakers | C3: Nike | D3: 80 | E3: 15 | F3: Fashion
A4: 03-MAR-US | B4: Coffee Maker | C4: Keurig | D4: 130 | E4: 40 | F4: Kitchen | I4: S NO | J4: Questions | K4: Answer
A5: 11-APR-US | B5: Smartphone | C5: Samsung | D5: 900 | E5: 25 | F5: Electronics | I5: 1 | J5: What is the total price of all products in the dataset? | K5: =SUM(D2:D35) -> 10100
A6: 22-MAY-US | B6: Backpack | C6: North Face | D6: 70 | E6: 20 | F6: Outdoor | I6: 2 | J6: How many products are there in the dataset? | K6: =COUNTA(B2:B35) -> 34
A7: 07-JUN-UK | B7: Headphones | C7: Sony | D7: 200 | E7: 45 | F7: Electronics | I7: 3 | J7: Calculate the average price of the products. | K7: =AVERAGE(Dataset!D2:D35) -> 297.05882
A8: 19-JUL-UK | B8: T-shirt | C8: Adidas | D8: 30 | E8: 5 | F8: Fashion | I8: 4 | J8: Determine the minimum price among all products. | K8: =MIN(Dataset!D2:D35) -> 30
A9: 23-AUG-UK | B9: Blender | C9: Ninja | D9: 90 | E9: 35 | F9: Kitchen | I9: 5 | J9: Find the maximum price among all products. | K9: =MAX(D2:D35) -> 1000
A10: 05-SEP-UK | B10: Tablet | C10: Apple | D10: 500 | E10: 50 | F10: Electronics
A11: 14-OCT-UK | B11: Hiking Boots | C11: Timberland | D11: 130 | E11: 10 | F11: Outdoor
A12: 17-JUN-IN | B12: Laptop | C12: HP | D12: 950 | E12: 25 | F12: Electronics
A13: 25-NOV-AU | B13: Sneakers | C13: Adidas | D13: 90 | E13: 40 | F13: Fashion
A14: 08-DEC-DE | B14: Coffee Maker | C14: Nespresso | D14: 120 | E14: 35 | F14: Kitchen
A15: 18-FEB-CA | B15: Smartwatch | C15: Fitbit | D15: 150 | E15: 15 | F15: Electronics
A16: 16-APR-ES | B16: Headphones | C16: Bose | D16: 250 | E16: 20 | F16: Electronics
A17: 21-AUG-CA | B17: Laptop Bag | C17: Samsonite | D17: 50 | E17: 35 | F17: Accessories
A18: 20-AUG-CN | B18: Smartwatch | C18: Huawei | D18: 160 | E18: 15 | F18: Electronics
A19: 27-JAN-IT | B19: Laptop | C19: Asus | D19: 980 | E19: 10 | F19: Electronics
A20: 01-MAR-UK | B20: Sunglasses | C20: Oakley | D20: 150 | E20: 15 | F20: Fashion
A21: 14-AUG-US | B21: Camping Tent | C21: Coleman | D21: 200 | E21: 10 | F21: Outdoor
... A35: 09-JUL-FR | B35: Watch | C35: Casio | D35: 100 | E35: 20 | F35: Accessories

Sheet IF Function
A1: Product ID | B1: Product Name | C1: Brand Name | D1: Price ($) | E1: Quantity | F1: Category | G1: Price Range
A2: 28-JAN-US | B2: Laptop | C2: Dell | D2: 1000 | E2: 30 | F2: Electronics | G2: =IF('IF Function'!D2>=500,"HIGH PRICE","LOW PRICE") -> HIGH PRICE
A3: 15-FEB-US | B3: Sneakers | C3: Nike | D3: 80 | E3: 15 | F3: Fashion | G3: =IF('IF Function'!D3>=500,"HIGH PRICE","LOW PRICE") -> LOW PRICE
A4: 03-MAR-US | B4: Coffee Maker | C4: Keurig | D4: 130 | E4: 40 | F4: Kitchen | G4: =IF('IF Function'!D4>=500,"HIGH PRICE","LOW PRICE") -> LOW PRICE
A5: 11-APR-US | B5: Smartphone | C5: Samsung | D5: 900 | E5: 25 | F5: Electronics | G5: =IF('IF Function'!D5>=500,"HIGH PRICE","LOW PRICE") -> HIGH PRICE
A6: 22-MAY-US | B6: Backpack | C6: North Face | D6: 70 | E6: 20 | F6: Outdoor | G6: =IF('IF Function'!D6>=500,"HIGH PRICE","LOW PRICE") -> LOW PRICE | H6: S NO | I6: Questions | J6: Answer
A7: 07-JUN-UK | B7: Headphones | C7: Sony | D7: 200 | E7: 45 | F7: Electronics | G7: =IF('IF Function'!D7>=500,"HIGH PRICE","LOW PRICE") -> LOW PRICE | H7: 1 | I7: Calculate the total price for products in the 'Electronics' category using the SUMIF function. | J7: =SUMIF(F2:F35,"Electronics",D2:D35) -> 8050
A8: 19-JUL-UK | B8: T-shirt | C8: Adidas | D8: 30 | E8: 5 | F8: Fashion | G8: =IF('IF Function'!D8>=500,"HIGH PRICE","LOW PRICE") -> LOW PRICE
A9: 23-AUG-UK | B9: Blender | C9: Ninja | D9: 90 | E9: 35 | F9: Kitchen | G9: =IF('IF Function'!D9>=500,"HIGH PRICE","LOW PRICE") -> LOW PRICE | H9: 2 | I9: Determine the count of products with a price less than $100 using the COUNTIF function. | J9: =COUNTIF(D2:D35,"<100") -> 11
A10: 05-SEP-UK | B10: Tablet | C10: Apple | D10: 500 | E10: 50 | F10: Electronics | G10: =IF('IF Function'!D10>=500,"HIGH PRICE","LOW PRICE") -> HIGH PRICE
A11: 14-OCT-UK | B11: Hiking Boots | C11: Timberland | D11: 130 | E11: 10 | F11: Outdoor | G11: =IF('IF Function'!D11>=500,"HIGH PRICE","LOW PRICE") -> LOW PRICE
A12: 17-JUN-IN | B12: Laptop | C12: HP | D12: 950 | E12: 25 | F12: Electronics | G12: =IF('IF Function'!D12>=500,"HIGH PRICE","LOW PRICE") -> HIGH PRICE
A13: 25-NOV-AU | B13: Sneakers | C13: Adidas | D13: 90 | E13: 40 | F13: Fashion | G13: =IF('IF Function'!D13>=500,"HIGH PRICE","LOW PRICE") -> LOW PRICE
A14: 08-DEC-DE | B14: Coffee Maker | C14: Nespresso | D14: 120 | E14: 35 | F14: Kitchen | G14: =IF('IF Function'!D14>=500,"HIGH PRICE","LOW PRICE") -> LOW PRICE
A15: 18-FEB-CA | B15: Smartwatch | C15: Fitbit | D15: 150 | E15: 15 | F15: Electronics | G15: =IF('IF Function'!D15>=500,"HIGH PRICE","LOW PRICE") -> LOW PRICE
A16: 16-APR-ES | B16: Headphones | C16: Bose | D16: 250 | E16: 20 | F16: Electronics | G16: =IF('IF Function'!D16>=500,"HIGH PRICE","LOW PRICE") -> LOW PRICE
A17: 21-AUG-CA | B17: Laptop Bag | C17: Samsonite | D17: 50 | E17: 35 | F17: Accessories | G17: =IF('IF Function'!D17>=500,"HIGH PRICE","LOW PRICE") -> LOW PRICE
A18: 20-AUG-CN | B18: Smartwatch | C18: Huawei | D18: 160 | E18: 15 | F18: Electronics | G18: =IF('IF Function'!D18>=500,"HIGH PRICE","LOW PRICE") -> LOW PRICE
A19: 27-JAN-IT | B19: Laptop | C19: Asus | D19: 980 | E19: 10 | F19: Electronics | G19: =IF('IF Function'!D19>=500,"HIGH PRICE","LOW PRICE") -> HIGH PRICE
A20: 01-MAR-UK | B20: Sunglasses | C20: Oakley | D20: 150 | E20: 15 | F20: Fashion | G20: =IF('IF Function'!D20>=500,"HIGH PRICE","LOW PRICE") -> LOW PRICE
A21: 14-AUG-US | B21: Camping Tent | C21: Coleman | D21: 200 | E21: 10 | F21: Outdoor | G21: =IF('IF Function'!D21>=500,"HIGH PRICE","LOW PRICE") -> LOW PRICE
... A35: 09-JUL-FR | B35: Watch | C35: Casio | D35: 100 | E35: 20 | F35: Accessories | G35: =IF('IF Function'!D35>=500,"HIGH PRICE","LOW PRICE") -> LOW PRICE

Sheet LEFT, RIGHT, MID
A1: Product ID | B1: Product Name | C1: Brand Name | D1: Price ($) | E1: Quantity | F1: Category | G1: DAY | H1: COUNTRY CODE | I1: MONTH
A2: 28-JAN-US | B2: Laptop | C2: Dell | D2: 1000 | E2: 30 | F2: Electronics | G2: =LEFT(A2,(2)) -> 28 | H2: =RIGHT(A2,(2)) -> US | I2: =MID(A2,4,3) -> JAN
A3: 15-FEB-US | B3: Sneakers | C3: Nike | D3: 80 | E3: 15 | F3: Fashion | G3: =LEFT(A3,(2)) -> 15 | H3: =RIGHT(A3,(2)) -> US | I3: =MID(A3,4,3) -> FEB
A4: 03-MAR-US | B4: Coffee Maker | C4: Keurig | D4: 130 | E4: 40 | F4: Kitchen | G4: =LEFT(A4,(2)) -> 03 | H4: =RIGHT(A4,(2)) -> US | I4: =MID(A4,4,3) -> MAR
A5: 11-APR-US | B5: Smartphone | C5: Samsung | D5: 900 | E5: 25 | F5: Electronics | G5: =LEFT(A5,(2)) -> 11 | H5: =RIGHT(A5,(2)) -> US | I5: =MID(A5,4,3) -> APR
A6: 22-MAY-US | B6: Backpack | C6: North Face | D6: 70 | E6: 20 | F6: Outdoor | G6: =LEFT(A6,(2)) -> 22 | H6: =RIGHT(A6,(2)) -> US | I6: =MID(A6,4,3) -> MAY
A7: 07-JUN-UK | B7: Headphones | C7: Sony | D7: 200 | E7: 45 | F7: Electronics | G7: =LEFT(A7,(2)) -> 07 | H7: =RIGHT(A7,(2)) -> UK | I7: =MID(A7,4,3) -> JUN
A8: 19-JUL-UK | B8: T-shirt | C8: Adidas | D8: 30 | E8: 5 | F8: Fashion | G8: =LEFT(A8,(2)) -> 19 | H8: =RIGHT(A8,(2)) -> UK | I8: =MID(A8,4,3) -> JUL
A9: 23-AUG-UK | B9: Blender | C9: Ninja | D9: 90 | E9: 35 | F9: Kitchen | G9: =LEFT(A9,(2)) -> 23 | H9: =RIGHT(A9,(2)) -> UK | I9: =MID(A9,4,3) -> AUG
A10: 05-SEP-UK | B10: Tablet | C10: Apple | D10: 500 | E10: 50 | F10: Electronics | G10: =LEFT(A10,(2)) -> 05 | H10: =RIGHT(A10,(2)) -> UK | I10: =MID(A10,4,3) -> SEP
A11: 14-OCT-UK | B11: Hiking Boots | C11: Timberland | D11: 130 | E11: 10 | F11: Outdoor | G11: =LEFT(A11,(2)) -> 14 | H11: =RIGHT(A11,(2)) -> UK | I11: =MID(A11,4,3) -> OCT
A12: 17-JUN-IN | B12: Laptop | C12: HP | D12: 950 | E12: 25 | F12: Electronics | G12: =LEFT(A12,(2)) -> 17 | H12: =RIGHT(A12,(2)) -> IN | I12: =MID(A12,4,3) -> JUN
A13: 25-NOV-AU | B13: Sneakers | C13: Adidas | D13: 90 | E13: 40 | F13: Fashion | G13: =LEFT(A13,(2)) -> 25 | H13: =RIGHT(A13,(2)) -> AU | I13: =MID(A13,4,3) -> NOV
... A35: 09-JUL-FR | B35: Watch | C35: Casio | D35: 100 | E35: 20 | F35: Accessories | G35: =LEFT(A35,(2)) -> 09 | H35: =RIGHT(A35,(2)) -> FR | I35: =MID(A35,4,3) -> JUL
